,0
0,JPA_2018515164.pdf
1,JPA_2009229203.pdf
2,JPA_2016198197.pdf
3,JPA_2007526016.pdf
4,JPA_2013017660.pdf
5,JPA_2007528746.pdf
6,JPA_2016144626.pdf
7,JPA_2018121885.pdf
8,JPA_2018128933.pdf
9,JPA_2008185337.pdf
10,JPA_2016538944.pdf
11,JPA_2010029481.pdf
12,JPB_0006307680.pdf
13,JPA_2016507759.pdf
14,JPA_2018042812.pdf
15,JPA_2018505705.pdf
16,JPA_2017108769.pdf
17,JPA_2009543254.pdf
18,JPA_2018529474.pdf
19,JPA_2018041434.pdf
20,JPA_2018516135.pdf
21,JPA_2007530160.pdf
22,JPA_2018532441.pdf
23,JPA_2018170629.pdf
24,JPA_2015037491.pdf
25,JPA_2013535014.pdf
26,JPA_2018007792.pdf
27,JPA_2017534117.pdf
28,JPA_2016517595.pdf
29,JPA_2010029482.pdf
30,JPA_2017503548.pdf
31,JPA_2018503885.pdf
32,JPA_2015061591.pdf
33,JPA_2007524461.pdf
34,JPA_2012073179.pdf
35,JPB_0006422142.pdf
36,JPA_2013192624.pdf
37,JPA_2018027273.pdf
38,JPA_2018517209.pdf
39,JPA_2015116331.pdf
40,JPA_2018517958.pdf
41,JPA_2018512128.pdf
42,JPA_2016184224.pdf
43,WOA12017057573.pdf
44,JPA_2017200565.pdf
45,JPA_2008507372.pdf
46,JPA_2018079000.pdf
47,JPA_2007527743.pdf
48,JPA_2011212094.pdf
49,JPA_2016502697.pdf
50,JPA_2015144929.pdf
51,JPA_2016200955.pdf
52,JPA_2016221264.pdf
53,WOA12017057572.pdf
54,JPA_2017159027.pdf
55,JPA_2015103243.pdf
56,JPA_2017176400.pdf
